{
    "name": "Corne44",
    "vendorId": "0x434B",
    "productId": "0x0000",
    "matrix": {
      "rows": 8,
      "cols": 6
    },
    "layouts": {
      "keymap": [
        [
          {
            "x": 3
          },
          "0,3",
          {
            "x": 7
          },
          "4,3"
        ],
        [
          {
            "y": -0.9,
            "x": 2
          },
          "0,2"
        ],
        [
          {
            "y": -1,
            "x": 4
          },
          "0,4",
          {
            "x": 5
          },
          "4,4",
          {
            "x": 1
          },
          "4,2"
        ],
        [
          {
            "y": -0.9,
            "x": 5
          },
          "0,5",
          {
            "x": 3
          },
          "4,5"
        ],
        [
          {
            "y": -0.9,
            "x": 13
          },
          "4,1"
        ],
        [
          {
            "y": -1
          },
          "0,0",
          "0,1",
          {
            "x": 12
          },
          "4,0"
        ],
        [
          {
            "y": -0.30000000000000004,
            "x": 3
          },
          "1,3",
          {
            "x": 7
          },
          "5,3"
        ],
        [
          {
            "y": -0.8999999999999999,
            "x": 2
          },
          "1,2",
          {
            "x": 1
          },
          "1,4",
          {
            "x": 5
          },
          "5,4",
          {
            "x": 1
          },
          "5,2"
        ],
        [
          {
            "y": -0.8999999999999999,
            "x": 5
          },
          "1,5",
          {
            "x": 3
          },
          "5,5"
        ],
        [
          {
            "y": -0.8999999999999999
          },
          "1,0",
          "1,1",
          {
            "x": 11
          },
          "5,1",
          "5,0"
        ],
        [
          {
            "y": -0.2999999999999998,
            "x": 3
          },
          "2,3",
          {
            "x": 7
          },
          "6,3"
        ],
        [
          {
            "y": -0.8999999999999999,
            "x": 2
          },
          "2,2",
          {
            "x": 1
          },
          "2,4",
          {
            "x": 5
          },
          "6,4",
          {
            "x": 1
          },
          "6,2"
        ],
        [
          {
            "y": -0.8999999999999999,
            "x": 5
          },
          "2,5",
          {
            "x": 3
          },
          "6,5"
        ],
        [
          {
            "y": -0.8999999999999999
          },
          "2,0",
          "2,1",
          {
            "x": 11
          },
          "6,1",
          "6,0"
        ],
        [
          {
            "y": 0.04999999999999982,
            "x": 1.75
          },
          "3,2",
          {
            "x": 0.25
          },
          "3,3",
          {
            "x": 7
          },
          "7,3",
          {
            "x": 0.25
          },
          "7,2"
        ],
        [
          {
            "r": 15,
            "rx": 4.25,
            "ry": 4.1,
            "y": -0.75
          },
          "3,4"
        ],
        [
          {
            "r": 30,
            "rx": 5.25,
            "ry": 4.3,
            "y": -0.75,
            "x": 0.25
          },
          "3,5"
        ],
        [
          {
            "r": -30,
            "rx": 9.75,
            "y": -0.75,
            "x": -1.25
          },
          "7,5"
        ],
        [
          {
            "r": -15,
            "rx": 11,
            "ry": 4.1,
            "y": -0.8199999999999998,
            "x": -1.25
          },
          "7,4"
        ]
      ]
    }
  }